--
-- PostgreSQL database dump
--

-- Dumped from database version 14.7 (Ubuntu 14.7-0ubuntu0.22.04.1)
-- Dumped by pg_dump version 14.7 (Ubuntu 14.7-0ubuntu0.22.04.1)

SET statement_timeout = 0;
SET lock_timeout = 0;
SET idle_in_transaction_session_timeout = 0;
SET client_encoding = 'UTF8';
SET standard_conforming_strings = on;
SELECT pg_catalog.set_config('search_path', '', false);
SET check_function_bodies = false;
SET xmloption = content;
SET client_min_messages = warning;
SET row_security = off;

SET default_tablespace = '';

SET default_table_access_method = heap;

--
-- Name: account_user; Type: TABLE; Schema: public; Owner: molla
--

CREATE TABLE public.account_user (
    id bigint NOT NULL,
    password character varying(128) NOT NULL,
    last_login timestamp with time zone,
    is_superuser boolean NOT NULL,
    username character varying(150) NOT NULL,
    first_name character varying(150) NOT NULL,
    last_name character varying(150) NOT NULL,
    is_staff boolean NOT NULL,
    is_active boolean NOT NULL,
    date_joined timestamp with time zone NOT NULL,
    status character varying(50) NOT NULL,
    email character varying(254) NOT NULL
);


ALTER TABLE public.account_user OWNER TO molla;

--
-- Name: account_user_groups; Type: TABLE; Schema: public; Owner: molla
--

CREATE TABLE public.account_user_groups (
    id bigint NOT NULL,
    user_id bigint NOT NULL,
    group_id integer NOT NULL
);


ALTER TABLE public.account_user_groups OWNER TO molla;

--
-- Name: account_user_groups_id_seq; Type: SEQUENCE; Schema: public; Owner: molla
--

ALTER TABLE public.account_user_groups ALTER COLUMN id ADD GENERATED BY DEFAULT AS IDENTITY (
    SEQUENCE NAME public.account_user_groups_id_seq
    START WITH 1
    INCREMENT BY 1
    NO MINVALUE
    NO MAXVALUE
    CACHE 1
);


--
-- Name: account_user_id_seq; Type: SEQUENCE; Schema: public; Owner: molla
--

ALTER TABLE public.account_user ALTER COLUMN id ADD GENERATED BY DEFAULT AS IDENTITY (
    SEQUENCE NAME public.account_user_id_seq
    START WITH 1
    INCREMENT BY 1
    NO MINVALUE
    NO MAXVALUE
    CACHE 1
);


--
-- Name: account_user_user_permissions; Type: TABLE; Schema: public; Owner: molla
--

CREATE TABLE public.account_user_user_permissions (
    id bigint NOT NULL,
    user_id bigint NOT NULL,
    permission_id integer NOT NULL
);


ALTER TABLE public.account_user_user_permissions OWNER TO molla;

--
-- Name: account_user_user_permissions_id_seq; Type: SEQUENCE; Schema: public; Owner: molla
--

ALTER TABLE public.account_user_user_permissions ALTER COLUMN id ADD GENERATED BY DEFAULT AS IDENTITY (
    SEQUENCE NAME public.account_user_user_permissions_id_seq
    START WITH 1
    INCREMENT BY 1
    NO MINVALUE
    NO MAXVALUE
    CACHE 1
);


--
-- Name: auth_group; Type: TABLE; Schema: public; Owner: molla
--

CREATE TABLE public.auth_group (
    id integer NOT NULL,
    name character varying(150) NOT NULL
);


ALTER TABLE public.auth_group OWNER TO molla;

--
-- Name: auth_group_id_seq; Type: SEQUENCE; Schema: public; Owner: molla
--

ALTER TABLE public.auth_group ALTER COLUMN id ADD GENERATED BY DEFAULT AS IDENTITY (
    SEQUENCE NAME public.auth_group_id_seq
    START WITH 1
    INCREMENT BY 1
    NO MINVALUE
    NO MAXVALUE
    CACHE 1
);


--
-- Name: auth_group_permissions; Type: TABLE; Schema: public; Owner: molla
--

CREATE TABLE public.auth_group_permissions (
    id bigint NOT NULL,
    group_id integer NOT NULL,
    permission_id integer NOT NULL
);


ALTER TABLE public.auth_group_permissions OWNER TO molla;

--
-- Name: auth_group_permissions_id_seq; Type: SEQUENCE; Schema: public; Owner: molla
--

ALTER TABLE public.auth_group_permissions ALTER COLUMN id ADD GENERATED BY DEFAULT AS IDENTITY (
    SEQUENCE NAME public.auth_group_permissions_id_seq
    START WITH 1
    INCREMENT BY 1
    NO MINVALUE
    NO MAXVALUE
    CACHE 1
);


--
-- Name: auth_permission; Type: TABLE; Schema: public; Owner: molla
--

CREATE TABLE public.auth_permission (
    id integer NOT NULL,
    name character varying(255) NOT NULL,
    content_type_id integer NOT NULL,
    codename character varying(100) NOT NULL
);


ALTER TABLE public.auth_permission OWNER TO molla;

--
-- Name: auth_permission_id_seq; Type: SEQUENCE; Schema: public; Owner: molla
--

ALTER TABLE public.auth_permission ALTER COLUMN id ADD GENERATED BY DEFAULT AS IDENTITY (
    SEQUENCE NAME public.auth_permission_id_seq
    START WITH 1
    INCREMENT BY 1
    NO MINVALUE
    NO MAXVALUE
    CACHE 1
);


--
-- Name: django_admin_log; Type: TABLE; Schema: public; Owner: molla
--

CREATE TABLE public.django_admin_log (
    id integer NOT NULL,
    action_time timestamp with time zone NOT NULL,
    object_id text,
    object_repr character varying(200) NOT NULL,
    action_flag smallint NOT NULL,
    change_message text NOT NULL,
    content_type_id integer,
    user_id bigint NOT NULL,
    CONSTRAINT django_admin_log_action_flag_check CHECK ((action_flag >= 0))
);


ALTER TABLE public.django_admin_log OWNER TO molla;

--
-- Name: django_admin_log_id_seq; Type: SEQUENCE; Schema: public; Owner: molla
--

ALTER TABLE public.django_admin_log ALTER COLUMN id ADD GENERATED BY DEFAULT AS IDENTITY (
    SEQUENCE NAME public.django_admin_log_id_seq
    START WITH 1
    INCREMENT BY 1
    NO MINVALUE
    NO MAXVALUE
    CACHE 1
);


--
-- Name: django_content_type; Type: TABLE; Schema: public; Owner: molla
--

CREATE TABLE public.django_content_type (
    id integer NOT NULL,
    app_label character varying(100) NOT NULL,
    model character varying(100) NOT NULL
);


ALTER TABLE public.django_content_type OWNER TO molla;

--
-- Name: django_content_type_id_seq; Type: SEQUENCE; Schema: public; Owner: molla
--

ALTER TABLE public.django_content_type ALTER COLUMN id ADD GENERATED BY DEFAULT AS IDENTITY (
    SEQUENCE NAME public.django_content_type_id_seq
    START WITH 1
    INCREMENT BY 1
    NO MINVALUE
    NO MAXVALUE
    CACHE 1
);


--
-- Name: django_migrations; Type: TABLE; Schema: public; Owner: molla
--

CREATE TABLE public.django_migrations (
    id bigint NOT NULL,
    app character varying(255) NOT NULL,
    name character varying(255) NOT NULL,
    applied timestamp with time zone NOT NULL
);


ALTER TABLE public.django_migrations OWNER TO molla;

--
-- Name: django_migrations_id_seq; Type: SEQUENCE; Schema: public; Owner: molla
--

ALTER TABLE public.django_migrations ALTER COLUMN id ADD GENERATED BY DEFAULT AS IDENTITY (
    SEQUENCE NAME public.django_migrations_id_seq
    START WITH 1
    INCREMENT BY 1
    NO MINVALUE
    NO MAXVALUE
    CACHE 1
);


--
-- Name: django_session; Type: TABLE; Schema: public; Owner: molla
--

CREATE TABLE public.django_session (
    session_key character varying(40) NOT NULL,
    session_data text NOT NULL,
    expire_date timestamp with time zone NOT NULL
);


ALTER TABLE public.django_session OWNER TO molla;

--
-- Name: polls_cart; Type: TABLE; Schema: public; Owner: molla
--

CREATE TABLE public.polls_cart (
    id bigint NOT NULL,
    quantity integer NOT NULL,
    product_id bigint NOT NULL,
    subtotal integer NOT NULL,
    size character varying(10) NOT NULL,
    user_id bigint NOT NULL
);


ALTER TABLE public.polls_cart OWNER TO molla;

--
-- Name: polls_cart_id_seq; Type: SEQUENCE; Schema: public; Owner: molla
--

ALTER TABLE public.polls_cart ALTER COLUMN id ADD GENERATED BY DEFAULT AS IDENTITY (
    SEQUENCE NAME public.polls_cart_id_seq
    START WITH 1
    INCREMENT BY 1
    NO MINVALUE
    NO MAXVALUE
    CACHE 1
);


--
-- Name: polls_categorymolla; Type: TABLE; Schema: public; Owner: molla
--

CREATE TABLE public.polls_categorymolla (
    id bigint NOT NULL,
    name character varying(250) NOT NULL,
    slug character varying(50) NOT NULL
);


ALTER TABLE public.polls_categorymolla OWNER TO molla;

--
-- Name: polls_categorymolla_id_seq; Type: SEQUENCE; Schema: public; Owner: molla
--

ALTER TABLE public.polls_categorymolla ALTER COLUMN id ADD GENERATED BY DEFAULT AS IDENTITY (
    SEQUENCE NAME public.polls_categorymolla_id_seq
    START WITH 1
    INCREMENT BY 1
    NO MINVALUE
    NO MAXVALUE
    CACHE 1
);


--
-- Name: polls_orders; Type: TABLE; Schema: public; Owner: molla
--

CREATE TABLE public.polls_orders (
    id bigint NOT NULL,
    company_name character varying(250) NOT NULL,
    country character varying(250) NOT NULL,
    house_number character varying(300) NOT NULL,
    city character varying(250) NOT NULL,
    index integer NOT NULL,
    phone character varying(250) NOT NULL,
    user_id bigint NOT NULL,
    first_name character varying(250) NOT NULL,
    last_name character varying(250) NOT NULL
);


ALTER TABLE public.polls_orders OWNER TO molla;

--
-- Name: polls_orders_id_seq; Type: SEQUENCE; Schema: public; Owner: molla
--

ALTER TABLE public.polls_orders ALTER COLUMN id ADD GENERATED BY DEFAULT AS IDENTITY (
    SEQUENCE NAME public.polls_orders_id_seq
    START WITH 1
    INCREMENT BY 1
    NO MINVALUE
    NO MAXVALUE
    CACHE 1
);


--
-- Name: polls_product; Type: TABLE; Schema: public; Owner: molla
--

CREATE TABLE public.polls_product (
    id bigint NOT NULL,
    title character varying(250) NOT NULL,
    price integer NOT NULL,
    shopping_cost smallint NOT NULL,
    size character varying(10) NOT NULL,
    colour character varying(250) NOT NULL,
    brend character varying(500) NOT NULL,
    image character varying(100) NOT NULL,
    description text,
    discount integer,
    specification jsonb NOT NULL,
    author_id bigint NOT NULL,
    category_id bigint NOT NULL,
    count smallint NOT NULL
);


ALTER TABLE public.polls_product OWNER TO molla;

--
-- Name: polls_product_id_seq; Type: SEQUENCE; Schema: public; Owner: molla
--

ALTER TABLE public.polls_product ALTER COLUMN id ADD GENERATED BY DEFAULT AS IDENTITY (
    SEQUENCE NAME public.polls_product_id_seq
    START WITH 1
    INCREMENT BY 1
    NO MINVALUE
    NO MAXVALUE
    CACHE 1
);


--
-- Name: polls_productimage; Type: TABLE; Schema: public; Owner: molla
--

CREATE TABLE public.polls_productimage (
    id bigint NOT NULL,
    image character varying(100) NOT NULL,
    product_id bigint NOT NULL
);


ALTER TABLE public.polls_productimage OWNER TO molla;

--
-- Name: polls_productimage_id_seq; Type: SEQUENCE; Schema: public; Owner: molla
--

ALTER TABLE public.polls_productimage ALTER COLUMN id ADD GENERATED BY DEFAULT AS IDENTITY (
    SEQUENCE NAME public.polls_productimage_id_seq
    START WITH 1
    INCREMENT BY 1
    NO MINVALUE
    NO MAXVALUE
    CACHE 1
);


--
-- Name: polls_wishlist; Type: TABLE; Schema: public; Owner: molla
--

CREATE TABLE public.polls_wishlist (
    id bigint NOT NULL,
    created_at timestamp with time zone NOT NULL,
    products_id bigint NOT NULL,
    user_id bigint NOT NULL
);


ALTER TABLE public.polls_wishlist OWNER TO molla;

--
-- Name: polls_wishlist_id_seq; Type: SEQUENCE; Schema: public; Owner: molla
--

ALTER TABLE public.polls_wishlist ALTER COLUMN id ADD GENERATED BY DEFAULT AS IDENTITY (
    SEQUENCE NAME public.polls_wishlist_id_seq
    START WITH 1
    INCREMENT BY 1
    NO MINVALUE
    NO MAXVALUE
    CACHE 1
);


--
-- Data for Name: account_user; Type: TABLE DATA; Schema: public; Owner: molla
--

COPY public.account_user (id, password, last_login, is_superuser, username, first_name, last_name, is_staff, is_active, date_joined, status, email) FROM stdin;
2	pbkdf2_sha256$600000$UBLr7vc9Ic8lwB8pojTd8V$+3wqblMmjrkCz5g2GrXCi/hh2Tfem+V1GosvC8un2wg=	2023-04-25 12:17:49.839275+05	f	otabek			f	t	2023-04-24 16:58:32.008458+05	client	otabek@mail.ru
1	pbkdf2_sha256$600000$v1kHpfzKzGc7lB0nlyL7mR$oP+8FuAEKNPWjdyN8PlxxC52Juw1ZkPYrFzSwhZTXNE=	2023-04-25 12:18:56.713431+05	t	kal			t	t	2023-04-11 01:05:04.181403+05	client	kal@kal.com
\.


--
-- Data for Name: account_user_groups; Type: TABLE DATA; Schema: public; Owner: molla
--

COPY public.account_user_groups (id, user_id, group_id) FROM stdin;
\.


--
-- Data for Name: account_user_user_permissions; Type: TABLE DATA; Schema: public; Owner: molla
--

COPY public.account_user_user_permissions (id, user_id, permission_id) FROM stdin;
\.


--
-- Data for Name: auth_group; Type: TABLE DATA; Schema: public; Owner: molla
--

COPY public.auth_group (id, name) FROM stdin;
\.


--
-- Data for Name: auth_group_permissions; Type: TABLE DATA; Schema: public; Owner: molla
--

COPY public.auth_group_permissions (id, group_id, permission_id) FROM stdin;
\.


--
-- Data for Name: auth_permission; Type: TABLE DATA; Schema: public; Owner: molla
--

COPY public.auth_permission (id, name, content_type_id, codename) FROM stdin;
1	Can add log entry	1	add_logentry
2	Can change log entry	1	change_logentry
3	Can delete log entry	1	delete_logentry
4	Can view log entry	1	view_logentry
5	Can add permission	2	add_permission
6	Can change permission	2	change_permission
7	Can delete permission	2	delete_permission
8	Can view permission	2	view_permission
9	Can add group	3	add_group
10	Can change group	3	change_group
11	Can delete group	3	delete_group
12	Can view group	3	view_group
13	Can add content type	4	add_contenttype
14	Can change content type	4	change_contenttype
15	Can delete content type	4	delete_contenttype
16	Can view content type	4	view_contenttype
17	Can add session	5	add_session
18	Can change session	5	change_session
19	Can delete session	5	delete_session
20	Can view session	5	view_session
21	Can add category molla	6	add_categorymolla
22	Can change category molla	6	change_categorymolla
23	Can delete category molla	6	delete_categorymolla
24	Can view category molla	6	view_categorymolla
25	Can add product	7	add_product
26	Can change product	7	change_product
27	Can delete product	7	delete_product
28	Can view product	7	view_product
29	Can add product image	8	add_productimage
30	Can change product image	8	change_productimage
31	Can delete product image	8	delete_productimage
32	Can view product image	8	view_productimage
33	Can add user	9	add_user
34	Can change user	9	change_user
35	Can delete user	9	delete_user
36	Can view user	9	view_user
37	Can add wish list	10	add_wishlist
38	Can change wish list	10	change_wishlist
39	Can delete wish list	10	delete_wishlist
40	Can view wish list	10	view_wishlist
41	Can add cart	11	add_cart
42	Can change cart	11	change_cart
43	Can delete cart	11	delete_cart
44	Can view cart	11	view_cart
45	Can add orders	12	add_orders
46	Can change orders	12	change_orders
47	Can delete orders	12	delete_orders
48	Can view orders	12	view_orders
\.


--
-- Data for Name: django_admin_log; Type: TABLE DATA; Schema: public; Owner: molla
--

COPY public.django_admin_log (id, action_time, object_id, object_repr, action_flag, change_message, content_type_id, user_id) FROM stdin;
1	2023-04-11 01:05:53.006244+05	1	T-shirt	1	[{"added": {}}]	6	1
2	2023-04-11 04:58:47.853472+05	1	T-shirt	3		6	1
3	2023-04-11 04:59:33.821894+05	2	Kiyim	1	[{"added": {}}]	6	1
4	2023-04-11 05:01:39.429262+05	1	p10	1	[{"added": {}}, {"added": {"name": "product image", "object": "ProductImage object (1)"}}, {"added": {"name": "product image", "object": "ProductImage object (2)"}}, {"added": {"name": "product image", "object": "ProductImage object (3)"}}, {"added": {"name": "product image", "object": "ProductImage object (4)"}}]	7	1
5	2023-04-12 18:21:38.356655+05	3	Ko'ylak	1	[{"added": {}}]	6	1
6	2023-04-12 18:21:43.105446+05	3	Ko'ylak	2	[]	6	1
7	2023-04-12 18:26:06.443315+05	2	aprzon	1	[{"added": {}}, {"added": {"name": "product image", "object": "ProductImage object (5)"}}, {"added": {"name": "product image", "object": "ProductImage object (6)"}}, {"added": {"name": "product image", "object": "ProductImage object (7)"}}, {"added": {"name": "product image", "object": "ProductImage object (8)"}}, {"added": {"name": "product image", "object": "ProductImage object (9)"}}, {"added": {"name": "product image", "object": "ProductImage object (10)"}}, {"added": {"name": "product image", "object": "ProductImage object (11)"}}, {"added": {"name": "product image", "object": "ProductImage object (12)"}}, {"added": {"name": "product image", "object": "ProductImage object (13)"}}, {"added": {"name": "product image", "object": "ProductImage object (14)"}}]	7	1
8	2023-04-14 15:06:30.211315+05	4	Oyoq Kiyim	1	[{"added": {}}]	6	1
9	2023-04-14 15:11:30.206529+05	3	Tufli	1	[{"added": {}}, {"added": {"name": "product image", "object": "ProductImage object (15)"}}, {"added": {"name": "product image", "object": "ProductImage object (16)"}}, {"added": {"name": "product image", "object": "ProductImage object (17)"}}]	7	1
10	2023-04-14 15:12:59.509806+05	3	Tufli	2	[{"changed": {"fields": ["Price"]}}]	7	1
11	2023-04-18 14:43:00.096696+05	1	kal - p10	1	[{"added": {}}]	10	1
\.


--
-- Data for Name: django_content_type; Type: TABLE DATA; Schema: public; Owner: molla
--

COPY public.django_content_type (id, app_label, model) FROM stdin;
1	admin	logentry
2	auth	permission
3	auth	group
4	contenttypes	contenttype
5	sessions	session
6	polls	categorymolla
7	polls	product
8	polls	productimage
9	account	user
10	polls	wishlist
11	polls	cart
12	polls	orders
\.


--
-- Data for Name: django_migrations; Type: TABLE DATA; Schema: public; Owner: molla
--

COPY public.django_migrations (id, app, name, applied) FROM stdin;
1	contenttypes	0001_initial	2023-04-11 01:03:31.099066+05
2	contenttypes	0002_remove_content_type_name	2023-04-11 01:03:31.108261+05
3	auth	0001_initial	2023-04-11 01:03:31.155838+05
4	auth	0002_alter_permission_name_max_length	2023-04-11 01:03:31.16407+05
5	auth	0003_alter_user_email_max_length	2023-04-11 01:03:31.172347+05
6	auth	0004_alter_user_username_opts	2023-04-11 01:03:31.180527+05
7	auth	0005_alter_user_last_login_null	2023-04-11 01:03:31.18925+05
8	auth	0006_require_contenttypes_0002	2023-04-11 01:03:31.192955+05
9	auth	0007_alter_validators_add_error_messages	2023-04-11 01:03:31.202633+05
10	auth	0008_alter_user_username_max_length	2023-04-11 01:03:31.211812+05
11	auth	0009_alter_user_last_name_max_length	2023-04-11 01:03:31.221207+05
12	auth	0010_alter_group_name_max_length	2023-04-11 01:03:31.231251+05
13	auth	0011_update_proxy_permissions	2023-04-11 01:03:31.240156+05
14	auth	0012_alter_user_first_name_max_length	2023-04-11 01:03:31.249182+05
15	account	0001_initial	2023-04-11 01:03:31.299682+05
16	admin	0001_initial	2023-04-11 01:03:31.324162+05
17	admin	0002_logentry_remove_auto_add	2023-04-11 01:03:31.335135+05
18	admin	0003_logentry_add_action_flag_choices	2023-04-11 01:03:31.346386+05
19	polls	0001_initial	2023-04-11 01:03:31.402645+05
20	sessions	0001_initial	2023-04-11 01:03:31.416365+05
21	polls	0002_alter_product_size	2023-04-12 05:39:10.554509+05
22	polls	0003_wishlist	2023-04-15 17:16:16.792712+05
23	polls	0004_cart	2023-04-15 19:00:37.042167+05
24	polls	0005_cart_subtotal	2023-04-22 11:41:47.724784+05
25	polls	0006_product_count	2023-04-22 13:05:18.765623+05
26	polls	0007_alter_cart_subtotal	2023-04-23 16:04:09.734275+05
27	polls	0008_alter_cart_product	2023-04-23 16:07:01.890381+05
28	polls	0009_alter_cart_product	2023-04-23 16:09:10.91848+05
29	polls	0010_cart_size	2023-04-23 17:09:54.282673+05
30	polls	0011_alter_cart_size	2023-04-23 20:41:43.5134+05
31	polls	0012_alter_cart_size	2023-04-23 20:53:58.549579+05
32	polls	0013_alter_cart_size	2023-04-23 22:21:27.273427+05
33	polls	0014_cart_user	2023-04-24 19:37:48.175839+05
34	polls	0015_remove_cart_user	2023-04-24 19:38:37.338926+05
35	polls	0016_cart_user	2023-04-25 11:57:04.316183+05
36	polls	0017_orders	2023-04-25 13:30:49.363058+05
37	polls	0018_remove_orders_cart	2023-04-25 13:33:04.66589+05
38	polls	0019_orders_first_name_orders_last_name_alter_orders_user	2023-04-25 15:50:15.713135+05
39	polls	0020_alter_orders_house_number	2023-04-26 11:26:10.184458+05
\.


--
-- Data for Name: django_session; Type: TABLE DATA; Schema: public; Owner: molla
--

COPY public.django_session (session_key, session_data, expire_date) FROM stdin;
s410llwuc1s1zzez1n5vmc2ktxkodvi7	e30:1pq99B:Djlc1fPOgWeQh42tU3D75Dl48zmUuv-M4HZnnmrbvC4	2023-05-06 14:03:09.976342+05
3kj7juycz7vjf59epe5pypjjw56ou4s1	e30:1pq99G:jVuFt4RugsfJrcxS6iPwk61kbfmFrgUWdT5jPySPcjU	2023-05-06 14:03:14.800652+05
eosoi38dpk9zj6wqcmg6w6t0t1z9tlkf	.eJxVjDsOwjAQBe_iGln-xJ9Q0nMGa73rxQHkSHFSIe4OkVJA-2bmvUSCba1p62VJE4mz0OL0u2XAR2k7oDu02yxxbusyZbkr8qBdXmcqz8vh_h1U6PVbW3bsTFBYMgWbgXlgUBC8jzFwxGKsotFqj8R6AKVx9NYYRy5EYOPE-wP6wjgG:1prCwy:PssqpRO9V6HedCnxjnCt-G_CsLqSZgH_pNbvVhyZV3w	2023-05-09 12:18:56.715058+05
\.


--
-- Data for Name: polls_cart; Type: TABLE DATA; Schema: public; Owner: molla
--

COPY public.polls_cart (id, quantity, product_id, subtotal, size, user_id) FROM stdin;
134	3	2	600	l	2
135	8	1	9600	m	2
133	4	1	4800	m	1
140	1	3	500		1
138	1	2	200		1
\.


--
-- Data for Name: polls_categorymolla; Type: TABLE DATA; Schema: public; Owner: molla
--

COPY public.polls_categorymolla (id, name, slug) FROM stdin;
2	Kiyim	kiyim
3	Ko'ylak	koylak
\.


--
-- Data for Name: polls_orders; Type: TABLE DATA; Schema: public; Owner: molla
--

COPY public.polls_orders (id, company_name, country, house_number, city, index, phone, user_id, first_name, last_name) FROM stdin;
2	dsds	Россия	Кольский проспект дом 164	Мурманск	183050	89508935252	1	otabek	ismailov
3	dsds	Россия	Кольский проспект дом 164	Мурманск	183050	89508935252	1	otabek	ismailov
\.


--
-- Data for Name: polls_product; Type: TABLE DATA; Schema: public; Owner: molla
--

COPY public.polls_product (id, title, price, shopping_cost, size, colour, brend, image, description, discount, specification, author_id, category_id, count) FROM stdin;
2	aprzon	200	0	l	Red	uzbek	templates/assets/images/1.jpg	dsdsdadsadada	\N	{}	1	3	0
3	Tufli	500	0	xl	black	uzbek	templates/assets/images/img.png	ghjghjghjghjgjg	\N	{}	1	2	0
1	p10	1200	150	m	red	Pdp	templates/assets/images/IMG_0391_eW5y9jy.JPG	Unversity	\N	{}	1	2	0
\.


--
-- Data for Name: polls_productimage; Type: TABLE DATA; Schema: public; Owner: molla
--

COPY public.polls_productimage (id, image, product_id) FROM stdin;
1	templates/assets/images/photo_2023-03-30_17-03-22_syYNiLe.jpg	1
2	templates/assets/images/Снимок_экрана_от_2023-04-05_15-29-51.png	1
3	templates/assets/images/Снимок_экрана_от_2023-04-04_16-29-42.png	1
4	templates/assets/images/Снимок_экрана_от_2023-04-05_15-30-45.png	1
5	templates/assets/images/1-big.jpg	2
8	templates/assets/images/2-big.jpg	2
12	templates/assets/images/3-small.jpg	2
14	templates/assets/images/4-small.jpg	2
15	templates/assets/images/img_1.png	3
16	templates/assets/images/img_2.png	3
17	templates/assets/images/img_3.png	3
\.


--
-- Data for Name: polls_wishlist; Type: TABLE DATA; Schema: public; Owner: molla
--

COPY public.polls_wishlist (id, created_at, products_id, user_id) FROM stdin;
51	2023-04-24 23:02:01.475448+05	1	2
52	2023-04-24 23:02:45.407326+05	3	2
54	2023-04-25 12:47:25.988354+05	2	1
30	2023-04-20 16:34:58.395586+05	1	1
31	2023-04-22 10:53:22.872477+05	3	1
\.


--
-- Name: account_user_groups_id_seq; Type: SEQUENCE SET; Schema: public; Owner: molla
--

SELECT pg_catalog.setval('public.account_user_groups_id_seq', 1, false);


--
-- Name: account_user_id_seq; Type: SEQUENCE SET; Schema: public; Owner: molla
--

SELECT pg_catalog.setval('public.account_user_id_seq', 2, true);


--
-- Name: account_user_user_permissions_id_seq; Type: SEQUENCE SET; Schema: public; Owner: molla
--

SELECT pg_catalog.setval('public.account_user_user_permissions_id_seq', 1, false);


--
-- Name: auth_group_id_seq; Type: SEQUENCE SET; Schema: public; Owner: molla
--

SELECT pg_catalog.setval('public.auth_group_id_seq', 1, false);


--
-- Name: auth_group_permissions_id_seq; Type: SEQUENCE SET; Schema: public; Owner: molla
--

SELECT pg_catalog.setval('public.auth_group_permissions_id_seq', 1, false);


--
-- Name: auth_permission_id_seq; Type: SEQUENCE SET; Schema: public; Owner: molla
--

SELECT pg_catalog.setval('public.auth_permission_id_seq', 48, true);


--
-- Name: django_admin_log_id_seq; Type: SEQUENCE SET; Schema: public; Owner: molla
--

SELECT pg_catalog.setval('public.django_admin_log_id_seq', 11, true);


--
-- Name: django_content_type_id_seq; Type: SEQUENCE SET; Schema: public; Owner: molla
--

SELECT pg_catalog.setval('public.django_content_type_id_seq', 12, true);


--
-- Name: django_migrations_id_seq; Type: SEQUENCE SET; Schema: public; Owner: molla
--

SELECT pg_catalog.setval('public.django_migrations_id_seq', 39, true);


--
-- Name: polls_cart_id_seq; Type: SEQUENCE SET; Schema: public; Owner: molla
--

SELECT pg_catalog.setval('public.polls_cart_id_seq', 140, true);


--
-- Name: polls_categorymolla_id_seq; Type: SEQUENCE SET; Schema: public; Owner: molla
--

SELECT pg_catalog.setval('public.polls_categorymolla_id_seq', 4, true);


--
-- Name: polls_orders_id_seq; Type: SEQUENCE SET; Schema: public; Owner: molla
--

SELECT pg_catalog.setval('public.polls_orders_id_seq', 3, true);


--
-- Name: polls_product_id_seq; Type: SEQUENCE SET; Schema: public; Owner: molla
--

SELECT pg_catalog.setval('public.polls_product_id_seq', 3, true);


--
-- Name: polls_productimage_id_seq; Type: SEQUENCE SET; Schema: public; Owner: molla
--

SELECT pg_catalog.setval('public.polls_productimage_id_seq', 17, true);


--
-- Name: polls_wishlist_id_seq; Type: SEQUENCE SET; Schema: public; Owner: molla
--

SELECT pg_catalog.setval('public.polls_wishlist_id_seq', 54, true);


--
-- Name: account_user account_user_email_key; Type: CONSTRAINT; Schema: public; Owner: molla
--

ALTER TABLE ONLY public.account_user
    ADD CONSTRAINT account_user_email_key UNIQUE (email);


--
-- Name: account_user_groups account_user_groups_pkey; Type: CONSTRAINT; Schema: public; Owner: molla
--

ALTER TABLE ONLY public.account_user_groups
    ADD CONSTRAINT account_user_groups_pkey PRIMARY KEY (id);


--
-- Name: account_user_groups account_user_groups_user_id_group_id_4d09af3e_uniq; Type: CONSTRAINT; Schema: public; Owner: molla
--

ALTER TABLE ONLY public.account_user_groups
    ADD CONSTRAINT account_user_groups_user_id_group_id_4d09af3e_uniq UNIQUE (user_id, group_id);


--
-- Name: account_user account_user_pkey; Type: CONSTRAINT; Schema: public; Owner: molla
--

ALTER TABLE ONLY public.account_user
    ADD CONSTRAINT account_user_pkey PRIMARY KEY (id);


--
-- Name: account_user_user_permissions account_user_user_permis_user_id_permission_id_48bdd28b_uniq; Type: CONSTRAINT; Schema: public; Owner: molla
--

ALTER TABLE ONLY public.account_user_user_permissions
    ADD CONSTRAINT account_user_user_permis_user_id_permission_id_48bdd28b_uniq UNIQUE (user_id, permission_id);


--
-- Name: account_user_user_permissions account_user_user_permissions_pkey; Type: CONSTRAINT; Schema: public; Owner: molla
--

ALTER TABLE ONLY public.account_user_user_permissions
    ADD CONSTRAINT account_user_user_permissions_pkey PRIMARY KEY (id);


--
-- Name: account_user account_user_username_key; Type: CONSTRAINT; Schema: public; Owner: molla
--

ALTER TABLE ONLY public.account_user
    ADD CONSTRAINT account_user_username_key UNIQUE (username);


--
-- Name: auth_group auth_group_name_key; Type: CONSTRAINT; Schema: public; Owner: molla
--

ALTER TABLE ONLY public.auth_group
    ADD CONSTRAINT auth_group_name_key UNIQUE (name);


--
-- Name: auth_group_permissions auth_group_permissions_group_id_permission_id_0cd325b0_uniq; Type: CONSTRAINT; Schema: public; Owner: molla
--

ALTER TABLE ONLY public.auth_group_permissions
    ADD CONSTRAINT auth_group_permissions_group_id_permission_id_0cd325b0_uniq UNIQUE (group_id, permission_id);


--
-- Name: auth_group_permissions auth_group_permissions_pkey; Type: CONSTRAINT; Schema: public; Owner: molla
--

ALTER TABLE ONLY public.auth_group_permissions
    ADD CONSTRAINT auth_group_permissions_pkey PRIMARY KEY (id);


--
-- Name: auth_group auth_group_pkey; Type: CONSTRAINT; Schema: public; Owner: molla
--

ALTER TABLE ONLY public.auth_group
    ADD CONSTRAINT auth_group_pkey PRIMARY KEY (id);


--
-- Name: auth_permission auth_permission_content_type_id_codename_01ab375a_uniq; Type: CONSTRAINT; Schema: public; Owner: molla
--

ALTER TABLE ONLY public.auth_permission
    ADD CONSTRAINT auth_permission_content_type_id_codename_01ab375a_uniq UNIQUE (content_type_id, codename);


--
-- Name: auth_permission auth_permission_pkey; Type: CONSTRAINT; Schema: public; Owner: molla
--

ALTER TABLE ONLY public.auth_permission
    ADD CONSTRAINT auth_permission_pkey PRIMARY KEY (id);


--
-- Name: django_admin_log django_admin_log_pkey; Type: CONSTRAINT; Schema: public; Owner: molla
--

ALTER TABLE ONLY public.django_admin_log
    ADD CONSTRAINT django_admin_log_pkey PRIMARY KEY (id);


--
-- Name: django_content_type django_content_type_app_label_model_76bd3d3b_uniq; Type: CONSTRAINT; Schema: public; Owner: molla
--

ALTER TABLE ONLY public.django_content_type
    ADD CONSTRAINT django_content_type_app_label_model_76bd3d3b_uniq UNIQUE (app_label, model);


--
-- Name: django_content_type django_content_type_pkey; Type: CONSTRAINT; Schema: public; Owner: molla
--

ALTER TABLE ONLY public.django_content_type
    ADD CONSTRAINT django_content_type_pkey PRIMARY KEY (id);


--
-- Name: django_migrations django_migrations_pkey; Type: CONSTRAINT; Schema: public; Owner: molla
--

ALTER TABLE ONLY public.django_migrations
    ADD CONSTRAINT django_migrations_pkey PRIMARY KEY (id);


--
-- Name: django_session django_session_pkey; Type: CONSTRAINT; Schema: public; Owner: molla
--

ALTER TABLE ONLY public.django_session
    ADD CONSTRAINT django_session_pkey PRIMARY KEY (session_key);


--
-- Name: polls_cart polls_cart_pkey; Type: CONSTRAINT; Schema: public; Owner: molla
--

ALTER TABLE ONLY public.polls_cart
    ADD CONSTRAINT polls_cart_pkey PRIMARY KEY (id);


--
-- Name: polls_categorymolla polls_categorymolla_name_key; Type: CONSTRAINT; Schema: public; Owner: molla
--

ALTER TABLE ONLY public.polls_categorymolla
    ADD CONSTRAINT polls_categorymolla_name_key UNIQUE (name);


--
-- Name: polls_categorymolla polls_categorymolla_pkey; Type: CONSTRAINT; Schema: public; Owner: molla
--

ALTER TABLE ONLY public.polls_categorymolla
    ADD CONSTRAINT polls_categorymolla_pkey PRIMARY KEY (id);


--
-- Name: polls_categorymolla polls_categorymolla_slug_key; Type: CONSTRAINT; Schema: public; Owner: molla
--

ALTER TABLE ONLY public.polls_categorymolla
    ADD CONSTRAINT polls_categorymolla_slug_key UNIQUE (slug);


--
-- Name: polls_orders polls_orders_pkey; Type: CONSTRAINT; Schema: public; Owner: molla
--

ALTER TABLE ONLY public.polls_orders
    ADD CONSTRAINT polls_orders_pkey PRIMARY KEY (id);


--
-- Name: polls_product polls_product_pkey; Type: CONSTRAINT; Schema: public; Owner: molla
--

ALTER TABLE ONLY public.polls_product
    ADD CONSTRAINT polls_product_pkey PRIMARY KEY (id);


--
-- Name: polls_productimage polls_productimage_pkey; Type: CONSTRAINT; Schema: public; Owner: molla
--

ALTER TABLE ONLY public.polls_productimage
    ADD CONSTRAINT polls_productimage_pkey PRIMARY KEY (id);


--
-- Name: polls_wishlist polls_wishlist_pkey; Type: CONSTRAINT; Schema: public; Owner: molla
--

ALTER TABLE ONLY public.polls_wishlist
    ADD CONSTRAINT polls_wishlist_pkey PRIMARY KEY (id);


--
-- Name: polls_wishlist polls_wishlist_user_id_products_id_854ae020_uniq; Type: CONSTRAINT; Schema: public; Owner: molla
--

ALTER TABLE ONLY public.polls_wishlist
    ADD CONSTRAINT polls_wishlist_user_id_products_id_854ae020_uniq UNIQUE (user_id, products_id);


--
-- Name: account_user_email_0bd7c421_like; Type: INDEX; Schema: public; Owner: molla
--

CREATE INDEX account_user_email_0bd7c421_like ON public.account_user USING btree (email varchar_pattern_ops);


--
-- Name: account_user_groups_group_id_6c71f749; Type: INDEX; Schema: public; Owner: molla
--

CREATE INDEX account_user_groups_group_id_6c71f749 ON public.account_user_groups USING btree (group_id);


--
-- Name: account_user_groups_user_id_14345e7b; Type: INDEX; Schema: public; Owner: molla
--

CREATE INDEX account_user_groups_user_id_14345e7b ON public.account_user_groups USING btree (user_id);


--
-- Name: account_user_user_permissions_permission_id_66c44191; Type: INDEX; Schema: public; Owner: molla
--

CREATE INDEX account_user_user_permissions_permission_id_66c44191 ON public.account_user_user_permissions USING btree (permission_id);


--
-- Name: account_user_user_permissions_user_id_cc42d270; Type: INDEX; Schema: public; Owner: molla
--

CREATE INDEX account_user_user_permissions_user_id_cc42d270 ON public.account_user_user_permissions USING btree (user_id);


--
-- Name: account_user_username_d393f583_like; Type: INDEX; Schema: public; Owner: molla
--

CREATE INDEX account_user_username_d393f583_like ON public.account_user USING btree (username varchar_pattern_ops);


--
-- Name: auth_group_name_a6ea08ec_like; Type: INDEX; Schema: public; Owner: molla
--

CREATE INDEX auth_group_name_a6ea08ec_like ON public.auth_group USING btree (name varchar_pattern_ops);


--
-- Name: auth_group_permissions_group_id_b120cbf9; Type: INDEX; Schema: public; Owner: molla
--

CREATE INDEX auth_group_permissions_group_id_b120cbf9 ON public.auth_group_permissions USING btree (group_id);


--
-- Name: auth_group_permissions_permission_id_84c5c92e; Type: INDEX; Schema: public; Owner: molla
--

CREATE INDEX auth_group_permissions_permission_id_84c5c92e ON public.auth_group_permissions USING btree (permission_id);


--
-- Name: auth_permission_content_type_id_2f476e4b; Type: INDEX; Schema: public; Owner: molla
--

CREATE INDEX auth_permission_content_type_id_2f476e4b ON public.auth_permission USING btree (content_type_id);


--
-- Name: django_admin_log_content_type_id_c4bce8eb; Type: INDEX; Schema: public; Owner: molla
--

CREATE INDEX django_admin_log_content_type_id_c4bce8eb ON public.django_admin_log USING btree (content_type_id);


--
-- Name: django_admin_log_user_id_c564eba6; Type: INDEX; Schema: public; Owner: molla
--

CREATE INDEX django_admin_log_user_id_c564eba6 ON public.django_admin_log USING btree (user_id);


--
-- Name: django_session_expire_date_a5c62663; Type: INDEX; Schema: public; Owner: molla
--

CREATE INDEX django_session_expire_date_a5c62663 ON public.django_session USING btree (expire_date);


--
-- Name: django_session_session_key_c0390e0f_like; Type: INDEX; Schema: public; Owner: molla
--

CREATE INDEX django_session_session_key_c0390e0f_like ON public.django_session USING btree (session_key varchar_pattern_ops);


--
-- Name: polls_cart_product_id_49b2b133; Type: INDEX; Schema: public; Owner: molla
--

CREATE INDEX polls_cart_product_id_49b2b133 ON public.polls_cart USING btree (product_id);


--
-- Name: polls_cart_user_id_37695884; Type: INDEX; Schema: public; Owner: molla
--

CREATE INDEX polls_cart_user_id_37695884 ON public.polls_cart USING btree (user_id);


--
-- Name: polls_categorymolla_name_114187a8_like; Type: INDEX; Schema: public; Owner: molla
--

CREATE INDEX polls_categorymolla_name_114187a8_like ON public.polls_categorymolla USING btree (name varchar_pattern_ops);


--
-- Name: polls_categorymolla_slug_565ed11b_like; Type: INDEX; Schema: public; Owner: molla
--

CREATE INDEX polls_categorymolla_slug_565ed11b_like ON public.polls_categorymolla USING btree (slug varchar_pattern_ops);


--
-- Name: polls_orders_user_id_fe73feca; Type: INDEX; Schema: public; Owner: molla
--

CREATE INDEX polls_orders_user_id_fe73feca ON public.polls_orders USING btree (user_id);


--
-- Name: polls_product_author_id_c1a87709; Type: INDEX; Schema: public; Owner: molla
--

CREATE INDEX polls_product_author_id_c1a87709 ON public.polls_product USING btree (author_id);


--
-- Name: polls_product_category_id_088c974f; Type: INDEX; Schema: public; Owner: molla
--

CREATE INDEX polls_product_category_id_088c974f ON public.polls_product USING btree (category_id);


--
-- Name: polls_productimage_product_id_0f5e06b9; Type: INDEX; Schema: public; Owner: molla
--

CREATE INDEX polls_productimage_product_id_0f5e06b9 ON public.polls_productimage USING btree (product_id);


--
-- Name: polls_wishlist_products_id_d45793ed; Type: INDEX; Schema: public; Owner: molla
--

CREATE INDEX polls_wishlist_products_id_d45793ed ON public.polls_wishlist USING btree (products_id);


--
-- Name: polls_wishlist_user_id_815896b8; Type: INDEX; Schema: public; Owner: molla
--

CREATE INDEX polls_wishlist_user_id_815896b8 ON public.polls_wishlist USING btree (user_id);


--
-- Name: account_user_groups account_user_groups_group_id_6c71f749_fk_auth_group_id; Type: FK CONSTRAINT; Schema: public; Owner: molla
--

ALTER TABLE ONLY public.account_user_groups
    ADD CONSTRAINT account_user_groups_group_id_6c71f749_fk_auth_group_id FOREIGN KEY (group_id) REFERENCES public.auth_group(id) DEFERRABLE INITIALLY DEFERRED;


--
-- Name: account_user_groups account_user_groups_user_id_14345e7b_fk_account_user_id; Type: FK CONSTRAINT; Schema: public; Owner: molla
--

ALTER TABLE ONLY public.account_user_groups
    ADD CONSTRAINT account_user_groups_user_id_14345e7b_fk_account_user_id FOREIGN KEY (user_id) REFERENCES public.account_user(id) DEFERRABLE INITIALLY DEFERRED;


--
-- Name: account_user_user_permissions account_user_user_pe_permission_id_66c44191_fk_auth_perm; Type: FK CONSTRAINT; Schema: public; Owner: molla
--

ALTER TABLE ONLY public.account_user_user_permissions
    ADD CONSTRAINT account_user_user_pe_permission_id_66c44191_fk_auth_perm FOREIGN KEY (permission_id) REFERENCES public.auth_permission(id) DEFERRABLE INITIALLY DEFERRED;


--
-- Name: account_user_user_permissions account_user_user_pe_user_id_cc42d270_fk_account_u; Type: FK CONSTRAINT; Schema: public; Owner: molla
--

ALTER TABLE ONLY public.account_user_user_permissions
    ADD CONSTRAINT account_user_user_pe_user_id_cc42d270_fk_account_u FOREIGN KEY (user_id) REFERENCES public.account_user(id) DEFERRABLE INITIALLY DEFERRED;


--
-- Name: auth_group_permissions auth_group_permissio_permission_id_84c5c92e_fk_auth_perm; Type: FK CONSTRAINT; Schema: public; Owner: molla
--

ALTER TABLE ONLY public.auth_group_permissions
    ADD CONSTRAINT auth_group_permissio_permission_id_84c5c92e_fk_auth_perm FOREIGN KEY (permission_id) REFERENCES public.auth_permission(id) DEFERRABLE INITIALLY DEFERRED;


--
-- Name: auth_group_permissions auth_group_permissions_group_id_b120cbf9_fk_auth_group_id; Type: FK CONSTRAINT; Schema: public; Owner: molla
--

ALTER TABLE ONLY public.auth_group_permissions
    ADD CONSTRAINT auth_group_permissions_group_id_b120cbf9_fk_auth_group_id FOREIGN KEY (group_id) REFERENCES public.auth_group(id) DEFERRABLE INITIALLY DEFERRED;


--
-- Name: auth_permission auth_permission_content_type_id_2f476e4b_fk_django_co; Type: FK CONSTRAINT; Schema: public; Owner: molla
--

ALTER TABLE ONLY public.auth_permission
    ADD CONSTRAINT auth_permission_content_type_id_2f476e4b_fk_django_co FOREIGN KEY (content_type_id) REFERENCES public.django_content_type(id) DEFERRABLE INITIALLY DEFERRED;


--
-- Name: django_admin_log django_admin_log_content_type_id_c4bce8eb_fk_django_co; Type: FK CONSTRAINT; Schema: public; Owner: molla
--

ALTER TABLE ONLY public.django_admin_log
    ADD CONSTRAINT django_admin_log_content_type_id_c4bce8eb_fk_django_co FOREIGN KEY (content_type_id) REFERENCES public.django_content_type(id) DEFERRABLE INITIALLY DEFERRED;


--
-- Name: django_admin_log django_admin_log_user_id_c564eba6_fk_account_user_id; Type: FK CONSTRAINT; Schema: public; Owner: molla
--

ALTER TABLE ONLY public.django_admin_log
    ADD CONSTRAINT django_admin_log_user_id_c564eba6_fk_account_user_id FOREIGN KEY (user_id) REFERENCES public.account_user(id) DEFERRABLE INITIALLY DEFERRED;


--
-- Name: polls_cart polls_cart_product_id_49b2b133_fk_polls_product_id; Type: FK CONSTRAINT; Schema: public; Owner: molla
--

ALTER TABLE ONLY public.polls_cart
    ADD CONSTRAINT polls_cart_product_id_49b2b133_fk_polls_product_id FOREIGN KEY (product_id) REFERENCES public.polls_product(id) DEFERRABLE INITIALLY DEFERRED;


--
-- Name: polls_cart polls_cart_user_id_37695884_fk_account_user_id; Type: FK CONSTRAINT; Schema: public; Owner: molla
--

ALTER TABLE ONLY public.polls_cart
    ADD CONSTRAINT polls_cart_user_id_37695884_fk_account_user_id FOREIGN KEY (user_id) REFERENCES public.account_user(id) DEFERRABLE INITIALLY DEFERRED;


--
-- Name: polls_orders polls_orders_user_id_fe73feca_fk_account_user_id; Type: FK CONSTRAINT; Schema: public; Owner: molla
--

ALTER TABLE ONLY public.polls_orders
    ADD CONSTRAINT polls_orders_user_id_fe73feca_fk_account_user_id FOREIGN KEY (user_id) REFERENCES public.account_user(id) DEFERRABLE INITIALLY DEFERRED;


--
-- Name: polls_product polls_product_author_id_c1a87709_fk_account_user_id; Type: FK CONSTRAINT; Schema: public; Owner: molla
--

ALTER TABLE ONLY public.polls_product
    ADD CONSTRAINT polls_product_author_id_c1a87709_fk_account_user_id FOREIGN KEY (author_id) REFERENCES public.account_user(id) DEFERRABLE INITIALLY DEFERRED;


--
-- Name: polls_product polls_product_category_id_088c974f_fk_polls_categorymolla_id; Type: FK CONSTRAINT; Schema: public; Owner: molla
--

ALTER TABLE ONLY public.polls_product
    ADD CONSTRAINT polls_product_category_id_088c974f_fk_polls_categorymolla_id FOREIGN KEY (category_id) REFERENCES public.polls_categorymolla(id) DEFERRABLE INITIALLY DEFERRED;


--
-- Name: polls_productimage polls_productimage_product_id_0f5e06b9_fk_polls_product_id; Type: FK CONSTRAINT; Schema: public; Owner: molla
--

ALTER TABLE ONLY public.polls_productimage
    ADD CONSTRAINT polls_productimage_product_id_0f5e06b9_fk_polls_product_id FOREIGN KEY (product_id) REFERENCES public.polls_product(id) DEFERRABLE INITIALLY DEFERRED;


--
-- Name: polls_wishlist polls_wishlist_products_id_d45793ed_fk_polls_product_id; Type: FK CONSTRAINT; Schema: public; Owner: molla
--

ALTER TABLE ONLY public.polls_wishlist
    ADD CONSTRAINT polls_wishlist_products_id_d45793ed_fk_polls_product_id FOREIGN KEY (products_id) REFERENCES public.polls_product(id) DEFERRABLE INITIALLY DEFERRED;


--
-- Name: polls_wishlist polls_wishlist_user_id_815896b8_fk_account_user_id; Type: FK CONSTRAINT; Schema: public; Owner: molla
--

ALTER TABLE ONLY public.polls_wishlist
    ADD CONSTRAINT polls_wishlist_user_id_815896b8_fk_account_user_id FOREIGN KEY (user_id) REFERENCES public.account_user(id) DEFERRABLE INITIALLY DEFERRED;


--
-- PostgreSQL database dump complete
--

